Betrieb;Rechnung;Rechnungsdatum;Betrag;Zahlung_am;Zahlung_Beleg;Ueberschuss_Betrieb
Alpina;011_2023_11_28_0147_00009370;2023-11-28;93.70;;kein betragsgleicher Treffer;389.15
Alpina;011_2024_09_26_0195_00009405;2024-09-26;94.05;2024-10-02;020_2024_10_02_0195_00009405;389.15
Alpina;011_2024_11_27_0147_00010700;2024-11-27;107.00;2025-03-12;020_2025_03_12_0147_00010700;389.15
Alpina Resort;011_2019_11_01_0213_00006785;2019-11-01;67.85;2019-11-27;020_2019_11_27_0213_00006785;74.60
Alpsu;2026-04-0121;2025-12-02;74.60;2025-12-04;020_2025_12_04_0377_00007460;74.60
Bahnhoefli;011_2025_02_19_0136_00007460;2025-02-19;74.60;2025-03-11;020_2025_03_11_0136_00007460;74.60
BARacca;011_2020_05_15_0224_00008510;2020-05-15;85.10;;kein betragsgleicher Treffer;188.10
BARacca;011_2024_04_23_0224_00009405;2024-04-23;94.05;2026-01-05;020_2026_01_05_0224_00009405;188.10
BarBar;011_2023_05_23_0030_00007430;2023-05-23;74.30;;kein betragsgleicher Treffer;188.10
BarBar;011_2024_06_03_0030_00009405;2024-06-03;94.05;2024-08-22;020_2024_08_22_0030_00009405;188.10
Blockhuus;011_2022_12_08_0080_00006785;2022-12-08;67.85;2023-04-21;020_2023_04_21_0080_00006785;188.10
Blockhuus;011_2025_11_17_0080_00007460;2025-11-17;74.60;;siehe Hinweis Kuerzel XXX;188.10
Braema;2026-04-0211;2026-01-10;118.90;2026-02-16;020_2026_02_16_0532_00011890;141.50
Cafe Bar;2026-04-0179;2025-12-19;74.60;2025-12-22;020_2025_12_22_0250_00007460;149.20
Cafe Bar;2026-04-0266;2026-01-19;74.60;2026-01-19;020_2026_01_19_0250_00007460;149.20
Casa Giovanoli;2026-04-0248;2026-01-14;74.60;2026-01-15;020_2026_01_15_0700_00007460;74.60
Central;011_2025_07_04_0751_00009405;2025-07-04;94.05;2025-09-02;020_2025_09_02_0751_00009405;94.05
Chalet Gueggel;2026-04-0249;2026-01-13;171.90;2026-02-25;020_2026_02_25_0094_00017190;341.60
Chesa;011_2024_01_23_0362_00012430;2024-01-23;124.30;2024-04-10;020_2024_04_10_0362_00012430;305.81
Chesa;2026-04-0241;2026-01-14;143.75;2026-02-19;020_2026_02_19_0362_00014375;305.81
Chleina Pub;2026-04-0278;2026-01-21;74.60;2026-02-25;020_2026_02_25_0196_00007460;149.20
Chleina Pub;2026-04-0383;2026-02-26;74.60;2026-03-11;020_2026_03_11_0196_00007460;149.20
Clubhaus FC Landquart;011_2023_03_28_0492_00006785;2023-03-28;67.85;;kein betragsgleicher Treffer;74.60
Concordia;011_2025_03_07_0077_00007460;2025-03-07;74.60;2025-06-11;020_2025_06_11_0077_00007460;74.60
Conditorei Fischer;2026-04-0293;2026-01-23;74.60;2026-02-20;020_2026_02_20_0716_00007460;74.60
Confetti;011_2019_05_15_0027_00010770;2019-05-15;107.70;2019-12-20;020_2019_12_20_0027_00010770;237.80
Confetti;011_2019_06_17_0027_00010770;2019-06-17;107.70;2019-12-20;020_2019_12_20_0027_00010770;237.80
Dancing Zur Zinne;2026-04-0232;2026-01-06;94.05;2026-01-12;020_2026_01_12_0495_00009405;94.05
Dischma;011_2025_02_04_0708_00007460;2025-02-04;74.60;2025-06-11;020_2025_06_11_0708_00007460;74.60
Edelweiss;011_2019_10_30_0222_00006785;2019-10-30;67.85;2020-10-25;019_2020_10_25_0222_00006785;135.70
Edelweiss;011_2022_01_28_0222_00006785;2022-01-28;67.85;2022-07-19;020_2022_07_19_0222_00006785;135.70
Espresso Bar;011_2023_05_03_0486_00007430;2023-05-03;74.30;2023-09-15;020_2023_09_15_0486_00007430;148.90
Espresso Bar;011_2023_06_05_0486_00007430;2023-06-05;74.30;2023-09-15;020_2023_09_15_0486_00007430;148.90
Fondue Beizli (Bierkoenig);011_2020_03_30_0039_00006785;2020-03-30;67.85;2020-04-01;020_2020_04_01_0039_00006785;94.05
Franziskaner;011_2019_05_06_0032_00006785;2019-05-06;67.85;2019-07-02;020_2019_07_02_0032_00006785;74.65
Fravi;2026-04-0191;2025-12-23;74.60;2026-01-14;020_2026_01_14_0002_00007460;149.20
Fravi;2026-04-0295;2026-01-26;74.60;2026-02-09;020_2026_02_09_0002_00007460;149.20
Frosch Sportclub Davos;011_2021_10_18_0146_00006785;2021-10-18;67.85;2022-07-26;020_2022_07_26_0146_00006785;74.60
Furt;2026-04-0148;2025-12-06;74.60;2025-12-23;020_2025_12_23_0270_00007460;149.20
Furt;2026-04-0344;2026-02-14;74.60;2026-03-06;020_2026_03_06_0270_00007460;149.20
Garden Lounge & Bar;2026-04-0390;2026-02-27;113.50;2026-03-02;020_2026_03_02_0770_00011350;113.50
Gasthaus am Brunnen;2026-04-0282;2026-01-21;74.60;2026-01-28;020_2026_01_28_0220_00007460;74.60
Gasthaus zum Engel;2026-04-0150;2025-12-08;113.50;2025-12-30;020_2025_12_30_0663_00011350;113.50
Glenner;011_2019_05_22_0223_00006785;2019-05-22;67.85;2019-08-16;020_2019_08_16_0223_00006785;149.20
Glenner;011_2019_06_19_0223_00006785;2019-06-19;67.85;2019-08-16;020_2019_08_16_0223_00006785;149.20
Golden Dragon;011_2025_03_12_0364_00014375;2025-03-12;143.75;2025-03-14;020_2025_03_14_0364_00014375;212.90
Grischa;2026-04-0219;2026-01-07;182.70;2026-02-05;020_2026_02_05_0096_00018270;439.70
Grischa;2026-04-0336;2026-02-11;182.70;2026-03-09;020_2026_03_09_0096_00018270;439.70
Grotto & Pizzeria da Elio;2026-04-0177;2025-12-18;107.00;2026-01-22;020_2026_01_22_0180_00010700;214.00
Grotto & Pizzeria da Elio;2026-04-0270;2026-01-19;107.00;2026-01-22;020_2026_01_22_0180_00010700;214.00
Hapimag;011_2019_07_05_0123_00006785;2019-07-05;67.85;2019-09-10;020_2019_09_10_0123_00006785;223.80
Hapimag;2026-04-0130;2025-12-04;74.60;2025-12-30;020_2025_12_30_0123_00007460;223.80
Hapimag;2026-04-0208;2026-01-05;74.60;2026-01-29;020_2026_01_29_0123_00007460;223.80
Hollaender;2026-04-0198;2025-12-29;138.35;2026-01-12;020_2026_01_12_0484_00013835;138.35
Hotel Alpenblick;2026-04-0286;2026-01-22;113.50;2026-02-25;020_2026_02_25_0771_00011350;113.50
Hotel Chur;2026-04-0151;2025-12-09;74.60;2025-12-15;020_2025_12_15_0051_00007460;149.20
Hotel Chur;2026-04-0260;2026-01-12;74.60;2026-01-20;020_2026_01_20_0051_00007460;149.20
Hotel Sportcenter Fuenf Doerfer;011_2019_09_16_0228_00006785;2019-09-16;67.85;;kein betragsgleicher Treffer;74.60
Hugos;011_2024_09_03_0101_00013835;2024-09-03;138.35;2025-03-20;020_2025_03_20_0101_00013835;276.70
Hugos;2026-04-0222;2026-01-07;138.35;2026-01-19;020_2026_01_19_0101_00013835;276.70
Jodys;2026-04-0242;2026-01-14;143.75;2026-02-16;020_2026_02_16_0566_00014375;143.75
Kaffee und Tee;011_2025_05_16_0745_00007460;2025-05-16;74.60;2025-08-12;020_2025_08_12_0745_00007460;74.60
Kreuz;011_2020_05_11_0022_00006785;2020-05-11;67.85;;kein betragsgleicher Treffer;94.05
Krone;011_2023_03_17_0629_00010770;2023-03-17;107.70;;kein betragsgleicher Treffer;237.80
Krone;011_2023_08_22_0629_00011845;2023-08-22;118.45;2023-11-16;020_2023_11_16_0629_00011845;237.80
Kulm;011_2019_06_20_0109_00010770;2019-06-20;107.70;2019-07-08;020_2019_07_08_0109_00010770;119.05
Kurhaus Omstal;2026-04-0215;2026-01-08;74.60;2026-02-06;020_2026_02_06_0728_00007460;74.60
Lenzerhorn;011_2021_09_14_0171_00010230;2021-09-14;102.30;2021-11-11;020_2021_11_11_0171_00010230;643.20
Lenzerhorn;2026-04-0125;2025-12-03;176.20;2025-12-11;020_2025_12_11_0171_00017620;643.20
Lenzerhorn;2026-04-0237;2026-01-15;233.50;2026-01-30;020_2026_01_30_0171_00023350;643.20
Loewen;2026-04-0163;2025-12-12;74.60;2025-12-23;020_2025_12_23_0620_00007460;149.20
Loewen;2026-04-0300;2026-01-29;74.60;2026-02-09;020_2026_02_09_0620_00007460;149.20
Marsoel;011_2021_04_22_0031_00015400;2021-04-22;154.00;2021-04-26;020_2021_04_26_0031_00015400;253.00
Mastro Alfonso;2026-04-0287;2026-01-22;74.60;2026-01-27;020_2026_01_27_0682_00007460;74.60
Migros Golfpark Oberkirch;2026-04-0216;2026-01-08;94.05;2026-02-05;020_2026_02_05_0718_00009405;94.05
Montana Stuebli;2026-04-0226;2026-01-07;74.60;2026-02-03;020_2026_02_03_0075_00007460;74.60
Mountain Plaza;011_2024_05_16_0671_00014545;2024-05-16;145.45;;kein betragsgleicher Treffer;145.95
Music Bar B70;2026-04-0140;2025-12-05;113.50;2025-12-08;020_2025_12_08_0746_00011350;340.50
Music Bar B70;2026-04-0289;2026-01-23;113.50;2026-01-26;020_2026_01_26_0746_00011350;340.50
Music Bar B70;2026-04-0411;2026-03-06;113.50;2026-03-09;020_2026_03_09_0746_00011350;340.50
Neustadt;011_2019_09_17_0049_00006785;2019-09-17;67.85;2020-10-25;019_2020_10_25_0049_00006785;135.70
Neustadt;011_2019_12_09_0049_00006785;2019-12-09;67.85;2020-10-25;019_2020_10_25_0049_00006785;135.70
Ninos;2026-04-0176;2025-12-18;113.50;2026-01-19;020_2026_01_19_0177_00011350;227.00
Ninos;2026-04-0269;2026-01-19;113.50;2026-01-19;020_2026_01_19_0177_00011350;227.00
Ochsen 2;2026-04-0193;2025-12-24;74.60;2026-02-19;020_2026_02_19_0363_00007460;74.60
Padelta;011_2024_06_13_0686_00007460;2024-06-13;74.60;;kein betragsgleicher Treffer;74.80
Pizolstuebli;2026-04-0164;2025-12-12;74.60;2025-12-29;020_2025_12_29_0271_00007460;149.20
Pizolstuebli;2026-04-0305;2026-01-30;74.60;2026-02-27;020_2026_02_27_0271_00007460;149.20
Pizzeria Tennishalle;011_2025_02_14_0712_00007460;2025-02-14;74.60;2025-04-07;020_2025_04_07_0712_00007460;74.60
Portal;011_2023_07_05_0384_00009370;2023-07-05;93.70;;kein betragsgleicher Treffer;188.10
Portal;2026-04-0123;2025-12-03;94.05;2025-12-10;020_2025_12_10_0384_00009405;188.10
Posthotel;2026-04-0119;2025-12-02;145.95;2026-02-12;020_2026_02_12_0390_00014595;145.95
Postresidenz am See;011_2024_04_17_0662_00009405;2024-04-17;94.05;2024-04-18;020_2024_04_18_0662_00009405;126.00
Pradaschier;2026-04-0152;2025-12-09;74.60;2025-12-18;020_2025_12_18_0058_00007460;74.60
Raben;011_2025_10_03_0681_00009405;2025-10-03;94.05;2026-02-13;020_2026_02_13_0681_00009405;94.05
Raetia;011_2021_01_08_0138_00010230;2021-01-08;102.30;;kein betragsgleicher Treffer;322.85
Raetia;011_2021_04_19_0138_00006785;2021-04-19;67.85;;kein betragsgleicher Treffer;322.85
Raetia;011_2021_06_18_0138_00010230;2021-06-18;102.30;;kein betragsgleicher Treffer;322.85
Robinson Club;2026-04-0161;2025-12-12;139.45;;kein betragsgleicher Treffer;2770.17
Robinson Club;2026-04-0297;2026-01-27;107.00;2026-03-02;020_2026_03_02_0003_00010700;2770.17
Rotliechtli;011_2021_11_11_0230_00010230;2021-11-11;102.30;;kein betragsgleicher Treffer;170.15
Rovanada;2026-04-0203;2026-01-02;126.50;;kein betragsgleicher Treffer;239.90
Seehof;011_2024_01_23_0076_00007460;2024-01-23;74.60;2024-04-10;020_2024_04_10_0076_00007460;149.20
Seehof;011_2025_11_24_0076_00007460;2025-11-24;74.60;2026-02-19;020_2026_02_19_0076_00007460;149.20
Sil Plaz;2026-04-0207;2026-01-05;94.05;2026-01-15;020_2026_01_15_0704_00009405;188.10
Sil Plaz;2026-04-0415;2026-03-07;94.05;2026-03-10;020_2026_03_10_0704_00009405;188.10
Skihuette Selfranga;2026-04-0194;2025-12-24;74.60;2025-12-24;020_2025_12_24_0150_00007460;149.20
Skihuette Selfranga;2026-04-0310;2026-02-03;74.60;2026-02-03;020_2026_02_03_0150_00007460;149.20
Sonne;011_2019_10_02_0153_00006785;2019-10-02;67.85;2019-10-17;020_2019_10_17_0226_00006785;188.10
Sonne;2026-04-0214;2026-01-08;94.05;2026-01-09;020_2026_01_09_0733_00009405;188.10
Sonne Seehotel;2026-04-0213;2026-01-08;94.05;2026-02-02;020_2026_02_02_0726_00009405;94.05
Spescha;2026-04-0124;2025-12-03;131.90;2025-12-11;020_2025_12_11_0169_00013190;395.70
Spescha;2026-04-0238;2026-01-15;131.90;2026-01-30;020_2026_01_30_0169_00013190;395.70
Spescha;2026-04-0374;2026-02-23;131.90;2026-03-05;020_2026_03_05_0169_00013190;395.70
Sportrestaurant Obere Au;011_2023_12_21_0664_00007430;2023-12-21;74.30;;kein betragsgleicher Treffer;149.20
Sportrestaurant Obere Au;2026-04-0157;2025-12-10;74.60;2025-12-19;020_2025_12_19_0664_00007460;149.20
Stadtcafe;2026-04-0292;2026-01-23;157.80;2026-01-30;020_2026_01_30_0717_00015780;157.80
Stau;011_2025_07_18_0732_00009405;2025-07-18;94.05;2025-07-21;020_2025_07_21_0749_00009405;94.05
Steak House & Pizzeria;011_2023_08_02_0644_00007430;2023-08-02;74.30;;kein betragsgleicher Treffer;229.80
Steak House & Pizzeria;011_2024_04_25_0644_00007460;2024-04-25;74.60;2024-06-07;020_2024_06_07_0644_00007460;229.80
Steak House & Pizzeria;011_2024_10_23_0644_00007460;2024-10-23;74.60;2025-09-16;020_2025_09_16_0644_00007460;229.80
Strela;011_2021_11_25_0083_00006785;2021-11-25;67.85;2022-09-01;020_2022_09_01_0083_00006785;1025.20
Strela;011_2022_01_13_0083_00006785;2022-01-13;67.85;2022-09-01;020_2022_09_01_0083_00006785;1025.20
Strela;011_2022_02_17_0083_00006785;2022-02-17;67.85;2022-09-01;020_2022_09_01_0083_00006785;1025.20
Strela;011_2022_03_23_0083_00006785;2022-03-23;67.85;2022-09-01;020_2022_09_01_0083_00006785;1025.20
Strela;011_2022_04_19_0083_00006785;2022-04-19;67.85;2022-09-01;020_2022_09_01_0083_00006785;1025.20
Surselva;2026-04-0234;2026-01-16;94.05;2026-01-21;020_2026_01_21_0378_00009405;511.35
Surselva;2026-04-0386;2026-02-26;94.05;2026-03-02;020_2026_03_02_0378_00009405;511.35
Swissheidi;011_2024_07_04_0490_00007460;2024-07-04;74.60;2024-08-28;020_2024_08_28_0490_00007460;155.95
Swissheidi;2026-04-0128;2025-12-03;74.60;2025-12-10;020_2025_12_10_0490_00007460;155.95
Tgantieni;011_2019_08_06_0178_00006785;2019-08-06;67.85;2019-09-13;020_2019_09_13_0178_00006785;313.60
Tgantieni;011_2020_01_03_0178_00010230;2020-01-03;102.30;2020-02-10;020_2020_02_10_0178_00010230;313.60
Tgantieni;2026-04-0122;2025-12-02;74.60;2025-12-08;020_2025_12_08_0178_00007460;313.60
Toedi;011_2021_09_08_0141_00006785;2021-09-08;67.85;2021-09-08;020_2021_09_08_0141_00006785;149.80
Toedi;011_2023_04_26_0141_00007430;2023-04-26;74.30;2023-07-03;020_2023_07_03_0141_00007430;149.80
Triel;2026-04-0168;2025-12-13;94.05;2026-01-21;020_2026_01_21_0774_00009405;279.15
Triel;2026-04-0283;2026-01-21;94.05;2026-01-21;020_2026_01_21_0774_00009405;279.15
Twelve;2026-04-0129;2025-12-04;94.05;2025-12-10;020_2025_12_10_0460_00009405;282.15
Twelve;2026-04-0265;2026-01-19;94.05;2026-01-27;020_2026_01_27_0460_00009405;282.15
Twelve;2026-04-0393;2026-03-02;94.05;2026-03-03;020_2026_03_03_0460_00009405;282.15
Valata;2026-04-0183;2025-12-19;74.60;2026-01-06;020_2026_01_06_0203_00007460;149.20
Valata;2026-04-0328;2026-02-07;74.60;2026-02-16;020_2026_02_16_0203_00007460;149.20
Valentinos;011_2023_08_15_0035_00007430;2023-08-15;74.30;2023-10-10;020_2023_10_10_0035_00007430;223.80
Valentinos;011_2024_12_23_0035_00007460;2024-12-23;74.60;2025-02-18;020_2025_02_18_0035_00007460;223.80
Valentinos;011_2025_04_10_0035_00007460;2025-04-10;74.60;2025-06-05;020_2025_06_05_0035_00007460;223.80
Vereina;2026-04-0309;2026-02-03;74.60;2026-02-13;020_2026_02_13_0511_00007460;74.60
Vincenz;2026-04-0160;2025-12-11;74.60;2026-01-12;020_2026_01_12_0381_00007460;149.20
Vincenz;2026-04-0254;2026-01-13;74.60;2026-02-02;020_2026_02_02_0381_00007460;149.20
Weissfluhgipfel;011_2025_11_25_0069_00007460;2025-11-25;74.60;2026-02-13;020_2026_02_13_0069_00007460;74.60
Weissfluhjoch;011_2020_10_16_0068_00013680;2020-10-16;136.80;;kein betragsgleicher Treffer;178.35
